T_article_0804110002_2	account-setup	Managing NetSuite Next Access
T_article_0804111020_2	account-setup	Setting Ask Oracle Access
T_article_4103202860_2	account-setup	Managing Ask Oracle Access for Roles
T_article_6105821113_2	account-setup	Managing NetSuite Next Access by Role
article_0216091805	account-setup	Setting General Bank Import Notifications
article_0304102503	account-setup	User Licenses
article_0304103113	account-setup	Overview of User License Types
article_0304103142	account-setup	How NetSuite Counts User Licenses
article_0304103817	account-setup	Role Assignment and License Consumption
article_0309023220	account-setup	Enabling Analytics Subscription Metrics Features
article_0320025211	account-setup	Roles and Permission Considerations for APIs
article_0404030807	account-setup	Setting Up Auto-Generated Numbering
article_0514020332	account-setup	Service Tier Dashboard
article_0616021327	account-setup	SuiteSuccess Transaction Types Analysis Workbook SuiteApp
article_0617113517	account-setup	Specialized User: Manufacturing Operator Role
article_0709025745	account-setup	Specialized User: View and Approve Role
article_0715114958	account-setup	Specialized User: CRM Role
article_0731120836	account-setup	Specialized User: Site Operator
article_1104024235	account-setup	Company Identification Number Settings
article_1104024406	account-setup	Company Currency Settings
article_1104024505	account-setup	Company Third Party Settings
article_1104025021	account-setup	Company General Information Settings
article_1105092150	account-setup	Standard System Administrator Center
article_1105092911	account-setup	Standard Support Center
article_1105093256	account-setup	Standard Shipping Center
article_1105093446	account-setup	Standard Sales Center
article_1105093753	account-setup	Standard Project Center
article_1105094316	account-setup	Standard Marketing Center
article_1105094838	account-setup	Standard Executive Center
article_1105095015	account-setup	Standard Engineering Center
article_1105095411	account-setup	Standard E-Commerce Management Center
article_1105102602	account-setup	Standard Classic Center
article_1105102942	account-setup	Standard Accounting Center
article_1105105840	account-setup	Customer Center
article_1105111655	account-setup	Employee Center
article_1105112036	account-setup	Partner Center
article_1105112316	account-setup	Advanced Partner Center
article_1105112537	account-setup	Vendor Center
article_1110084707	account-setup	Enable General Company Classifications Features
article_1110085002	account-setup	Enable General Company Projects Features
article_1110085128	account-setup	Enable General Company ERP General Features
article_1110085317	account-setup	Enable General Company Resource Management Features
article_1110085418	account-setup	Enable General Company International Features
article_1110090455	account-setup	Enable General Company Data Management Features
article_1110090813	account-setup	Enable General Company Access Features
article_1110090917	account-setup	Enable General Company Mobile Features
article_1110092533	account-setup	Enable Accounting Basic Features
article_1110092646	account-setup	Enable Advanced Accounting Features
article_1110092929	account-setup	Enable Revenue Accounting Features
article_1111110344	account-setup	Enabling Basic Transaction Features
article_1111110455	account-setup	Enabling Sales Transaction Features
article_1111110711	account-setup	Enabling Shipping and Receiving Transaction Features
article_1111110839	account-setup	Enabling Billing Transaction Features
article_1111110954	account-setup	Enabling Payment Processing Transaction Features
article_1111112254	account-setup	Enabling Item Features
article_1111112400	account-setup	Enabling Inventory Features
article_1112110056	account-setup	Enabling SuitePeople HR Information System Features
article_1112110417	account-setup	Enabling SuitePeople HR Performance Management Features
article_1112110521	account-setup	Enabling SuitePeople U.S. Payroll Features
article_1112110701	account-setup	Enabling Time and Expenses Features
article_1112111002	account-setup	Enabling Commissions Features
article_1112111050	account-setup	Enabling Employee Permissions Features
article_1112111427	account-setup	Assigning NetSuite 360 Access
article_11140441968	account-setup	Viewing the Oracle Cloud Services Strategic Subcontractor List
article_1114073029	account-setup	Enabling CRM and SFA Basic Features
article_1114073115	account-setup	Enabling CRM and SFA Sales Features
article_1114073224	account-setup	Enabling CRM and SFA Support Features
article_1114073327	account-setup	Enabling CRM and SFA Marketing Features
article_1114073437	account-setup	Enabling CRM and SFA Partner Features
article_1114074212	account-setup	Enabling Analytics Dashboard Features
article_1114074259	account-setup	Enabling Analytics Connectivity Features
article_1114074348	account-setup	Enabling Third-party Analytics Integration Features
article_1114074446	account-setup	Enabling SuiteAnalytics Workbook Features
article_1114074544	account-setup	Enabling Analytics Intelligent Suite Features
article_1114074620	account-setup	Enabling Analytics Saved Search Features
article_1114075116	account-setup	Enabling Commerce Web Site Features
article_1114075253	account-setup	Enabling Commerce Publishing Features
article_1114075347	account-setup	Enabling Commerce Access Features
article_1114075440	account-setup	Enabling SuiteCommerce Real User Monitoring Features
article_1114075942	account-setup	Enabling SuiteBuilder Features
article_1114080304	account-setup	Enabling SuiteScript Features
article_1114080342	account-setup	Enabling SuiteFlow Features
article_1114080428	account-setup	Enabling SuiteGL Features
article_1114080508	account-setup	Enabling SuiteBundler Features
article_1114080552	account-setup	Enabling SuiteTalk Web Services Features
article_1114080636	account-setup	Enabling Authentication Features
article_1114080748	account-setup	Enabling Integration Add-on Features
article_1114080833	account-setup	Enabling SuiteCloud Development Framework Features
article_1117010529	account-setup	Setting General Transaction Preferences
article_1117124843	account-setup	Setting General Password Preferences
article_1117125619	account-setup	Setting General List and System Notes Preferences
article_1124115113	account-setup	Renaming Records and Transactions
article_1124122336	account-setup	Auto-Numbering for Document and Transaction Numbers
article_1126080506	account-setup	Duplicate Detection Excluded Domains Preferences
article_1126080527	account-setup	Duplicate Detection Other Preferences
article_1126101845	account-setup	Setting Administrative Notification Options
article_1216043912	account-setup	To inactivate a user
article_1216052719	account-setup	To change a user's NetSuite password with the User Access Reset Tool
article_1216052812	account-setup	To manually change a user's NetSuite password on the entity record
article_1216053510	account-setup	Types of Restrictions
article_1223110851	account-setup	NetSuite Service Tier Statuses Explained
article_155945673	account-setup	Managing AI Preferences
article_160809601	account-setup	Prompt Studio
article_160811440813	account-setup	Advanced Numbering
article_160811444260	account-setup	Enabling the Advanced Numbering Feature
article_160811455145	account-setup	Enabling Advanced Numbering for Document Numbers
article_160811468455	account-setup	Enabling Advanced Numbering for Transaction Numbers
article_160811535670	account-setup	Migrating Existing Numbering Rules to Advanced Numbering Rules
article_160811556930	account-setup	Creating Advanced Numbering Rules by Transaction Type
article_160811565467	account-setup	Copying Advanced Numbering Rules
article_160811578881	account-setup	Advanced Numbering Examples
article_161096000138	account-setup	Managing Access to Advanced Numbering
article_161096032163	account-setup	Importing Transactions When Using Advanced Numbering
article_161096135812	account-setup	Entering the Number Format
article_161096176287	account-setup	Selecting the Sequences by Segment
article_161096198249	account-setup	Selecting the Advanced Numbering Criteria
article_161096212635	account-setup	Creating an Advanced Numbering Rule
article_161096237628	account-setup	Using Fiscal Year Expressions with Advanced Numbering Rules
article_161096473338	account-setup	Deleting Advanced Numbering Rules
article_161096498581	account-setup	Disabling Advanced Numbering
article_2125148439	account-setup	Managing Text Enhance Translations Preferences
article_231233812	account-setup	Manage Prompts
article_24141119779	account-setup	NetSuite 360 Dashboard
article_26140325761	account-setup	Submitting a Billing/Shipping Address Change Request
article_28140103460	account-setup	Reviewing the Status of Issues
article_3131752828	account-setup	Setting General Customer Access Preferences
article_3131752829	account-setup	Setting General File Cabinet and Site Preferences
article_3131752830	account-setup	Setting General Record Preferences
article_3131752831	account-setup	Setting General SuiteScript and Advanced Preferences
article_3190337552	account-setup	Managing Text Enhance Preferences
article_3231255264	account-setup	Manage Text Enhance Actions
article_3234529606	account-setup	Viewing AI Usage
article_34140437468	account-setup	Viewing the Oracle NetSuite Subprocessors List
article_39140258205	account-setup	Paying NetSuite Invoices Using the Financial Dashboard
article_42140315761	account-setup	Adding ACH Payment Methods
article_52140224280	account-setup	Updating Your Support Dashboard
article_6150024470	account-setup	Managing Narrative Insights Preferences
article_67140137662	account-setup	Reviewing the Status of Enhancements
article_67140500728	account-setup	Advanced Customer Support Dashboard
article_67162231282	account-setup	Set Up the Login Notification
article_69140320346	account-setup	Submitting a Primary Contact Change Request
article_7173149473	account-setup	Create Custom Text Enhance Actions and Prompts
article_72140456504	account-setup	Creating an Audit Report Request
article_77140446582	account-setup	Viewing the HIPAA Subcontractors List
article_80140211562	account-setup	Adding Authorized Support Contacts
article_8155834768	account-setup	Managing AI in NetSuite
article_84140239017	account-setup	Financial Dashboard
article_85140505179	account-setup	Multi Language Support
article_86140451327	account-setup	Creating a Compliance Request
article_89140305257	account-setup	Adding Payment Cards Using the Financial Dashboard
article_9173930050	account-setup	Customize System Text Enhance Actions and Prompts
article_98140330217	account-setup	Privacy and Compliance Dashboard
book_N125907	account-setup	Account Setup
bridgehead_1507658939	account-setup	Internal Controls for NetSuite Access
bridgehead_1517945850	account-setup	Restricting a Role by Device ID
bridgehead_1517945906	account-setup	Setting Two-Factor Authentication Requirements
bridgehead_1552315155	account-setup	Assigning Core Administration Permissions
bridgehead_162091251359	account-setup	Viewing the System Alert Page
bridgehead_3705025227	account-setup	Users
bridgehead_3705025749	account-setup	Roles
bridgehead_3705026176	account-setup	NetSuite Account Access
bridgehead_3740479636	account-setup	Tax Features
bridgehead_4055111275	account-setup	Analytics Features
bridgehead_4164392746	account-setup	Enabling the Entry of Translation Strings for a Specific Language
bridgehead_4176305598	account-setup	Enable Multi-Book Accounting Features
bridgehead_4340435273	account-setup	Auto-Generated Document Numbers
bridgehead_4340444343	account-setup	Auto-Generated Transaction Numbers
bridgehead_4340447524	account-setup	Overwrite Entity and CRM Record Type Numbers
bridgehead_4340448436	account-setup	Reset Initial Transaction and Document Numbering Sequences
bridgehead_4340452521	account-setup	Reporting
bridgehead_4341187904	account-setup	Document Numbers Available for Auto-Numbering
bridgehead_4369903537	account-setup	Sandbox and Release Preview Email Preferences
bridgehead_4473632822	account-setup	Role Search Example
bridgehead_4473638962	account-setup	Employee Search Example
bridgehead_4610746707	account-setup	The Administrator Role
bridgehead_4622199203	account-setup	Sections of the Rename Records/Transactions Page
bridgehead_4637690919	account-setup	Setting Employee Restrictions
bridgehead_4637695352	account-setup	Setting Department, Class, and Location Restrictions
bridgehead_4702431116	account-setup	Viewing Plug-in Implementation System Notes
bridgehead_N136619	account-setup	Sales Center Opportunities Page
bridgehead_N136649	account-setup	Sales Center Prospects Page
bridgehead_N136686	account-setup	Sales Center Leads Page
bridgehead_N136723	account-setup	Sales Center Forecast Page
bridgehead_N232470	account-setup	General Company Features
bridgehead_N233872	account-setup	Accounting Features
bridgehead_N234414	account-setup	Transaction Features
bridgehead_N235482	account-setup	Items and Inventory Features
bridgehead_N236710	account-setup	Employee and Payroll Features
bridgehead_N237239	account-setup	CRM and SFA Features
bridgehead_N238278	account-setup	Commerce Features
bridgehead_N239332	account-setup	SuiteCloud Features
bridgehead_N243859	account-setup	Setting General Display Preferences
bridgehead_N252528	account-setup	Entity Records Available for Auto-Numbering
bridgehead_N252671	account-setup	Transaction Numbers Available for Auto-Numbering
bridgehead_N253217	account-setup	CRM Records Available for Auto-Numbering
bridgehead_N253307	account-setup	Schedule Records Available for Auto-Numbering
bridgehead_N256658	account-setup	General Email Preferences
bridgehead_N256994	account-setup	Transaction Email Preferences
bridgehead_N257259	account-setup	Email Template Preferences
bridgehead_N258183	account-setup	Email Domains (DKIM) Preferences
bridgehead_N258228	account-setup	Duplicate Detection Preferences
bridgehead_N258370	account-setup	Duplicate Record Notification
bridgehead_N259104	account-setup	Review Notification Confirmations
bridgehead_N259177	account-setup	Review Pending Confirmations
bridgehead_N285659	account-setup	Manage Roles Page
bridgehead_N285671	account-setup	Show Permission Differences Between Roles Page
bridgehead_N285691	account-setup	Role Search
bridgehead_N286284	account-setup	Customizing and Creating Roles
bridgehead_N286421	account-setup	Restricting Role Access to Subsidiaries (OneWorld Only)
bridgehead_N288585	account-setup	Setting a Role as Issue Role for Issue Management
bridgehead_N288629	account-setup	Setting a Role as Web Services Only Role
bridgehead_N288661	account-setup	Setting a Role as Single Sign-On Only Role
bridgehead_N288693	account-setup	Restricting a Role by IP Address
bridgehead_N288727	account-setup	Setting Permissions
bridgehead_N288877	account-setup	Setting Default and Restricted Forms
bridgehead_N288948	account-setup	Setting Search Defaults for a Role
bridgehead_N289178	account-setup	Selecting a Dashboard for a Role
bridgehead_N292818	account-setup	Role-Based Preferences vs. Other Preference Levels
bridgehead_N294802	account-setup	Adding Custom Role Fields to be Mass Update Filter Criteria
bridgehead_N327037	account-setup	Transactions Subtab on Entity Records
bridgehead_N491767	account-setup	Duplicate Entity Management Permission
chapter_N131898	account-setup	Centers Overview
chapter_N232138	account-setup	Enabling Features
chapter_N2394992	account-setup	Approval Routing
chapter_N239909	account-setup	NetSuite Company Settings
chapter_N261411	account-setup	Classifications in NetSuite
chapter_N284861	account-setup	NetSuite Users & Roles
procedure_0306123021	account-setup	To activate an inactivated user
procedure_1531263196	account-setup	Set a Customer's Password Manually
procedure_1532372537	account-setup	To provide access and assign passwords for existing customers
procedure_N290232	account-setup	To Set a Default Form for Roles
procedure_N291377	account-setup	To Set Account Restrictions
procedure_N291445	account-setup	To Set Role Restrictions
procedure_N291713	account-setup	To Customize the Customer Center Role
procedure_N293248	account-setup	To Mass Update a Permission for Multiple Roles
procedure_N323191	account-setup	To assign a customer a role and provide access to NetSuite
procedure_N323416	account-setup	To provide access for existing customers
procedure_N326851	account-setup	To create a custom role with access to the Transactions subtab
procedure_N326965	account-setup	To assign employees this custom role
section_0531125149	account-setup	NetSuite Specialized Centers
section_1487792254	account-setup	NetSuite Account Information
section_1487793004	account-setup	Center Logout Pages
section_1491842937	account-setup	Separate Administration Permissions
section_1491844394	account-setup	Feature Permissions Documentation
section_1495464846	account-setup	Searching Bulk Processing Jobs
section_1504103104	account-setup	Email Spam Guidelines
section_1515446005	account-setup	Permissions Requiring Two-Factor Authentication (2FA)
section_1525773325	account-setup	Inactivating Users
section_1539959231	account-setup	NetSuite Service Tiers
section_1540845284	account-setup	Core Administration Permissions
section_1548084502	account-setup	Defining a Simple Login Audit Trail Search
section_1548084729	account-setup	Defining an Advanced Login Audit Trail Search
section_1557254595	account-setup	Full Access Role (Deprecated)
section_158206555854	account-setup	Permissions for Inbound Single Sign-on Methods
section_159282412990	account-setup	Logout Entries in the Login Audit Trail
section_160311737279	account-setup	Transaction Types Included in Monthly Transaction Lines Metric
section_162486701937	account-setup	Restricting Role Access to Accounting Books
section_163593366365	account-setup	Use Accounting Contexts in Account Saved Searches
section_163594333567	account-setup	General Printing Preferences
section_163594359424	account-setup	Fax Preferences
section_3781107123	account-setup	Permissions and Restrictions
section_3959476640	account-setup	Using Standard SuiteFlow Workflows (SuiteApps) for Approval Routing
section_4176293394	account-setup	Modifying and Deleting Classes
section_4176372145	account-setup	Modifying and Deleting Departments
section_4176380463	account-setup	Modifying and Deleting Locations
section_4350949235	account-setup	NetSuite 360
section_4375043929	account-setup	Setting Email Preferences
section_4460505281	account-setup	Use Searches to Audit Roles and Permissions
section_4460505582	account-setup	Use Searches to Audit Permissions By Employee
section_4570420905	account-setup	NetSuite Account Administration
section_4640155582	account-setup	Accounting Contexts
section_4659859610	account-setup	Managing Plug-ins
section_4667963542	account-setup	Hiding Employee Information on Financial Reports
section_4732448748	account-setup	Custom Segments Overview
section_4822646785	account-setup	Antivirus Scanning on File Cabinet Files
section_N132466	account-setup	NetSuite Standard Centers
section_N136047	account-setup	Classic Center
section_N136330	account-setup	E-Commerce Management Center
section_N136387	account-setup	Support Center
section_N136610	account-setup	Sales Center
section_N2395258	account-setup	Using the Approval Routing Feature
section_N2395573	account-setup	Supervisors, Approvers, and Approval Limits
section_N2396465	account-setup	Using Custom SuiteFlow Workflows for Approval Routing
section_N240902	account-setup	Configuring Company Information
section_N242860	account-setup	Set Company Preferences
section_N243257	account-setup	NetSuite Preference Levels Overview
section_N243797	account-setup	Setting General Account Preferences
section_N246888	account-setup	Overriding Company Preferences
section_N247147	account-setup	Configuring Multiple Languages
section_N247931	account-setup	Custom Preferences
section_N249143	account-setup	Formatting for Dates, Numbers, Phone Numbers, and Time
section_N252023	account-setup	Change Record and Transaction Names
section_N252198	account-setup	Set Auto-Generated Numbers
section_N252520	account-setup	Records and Transactions Available for Auto-Numbering
section_N253418	account-setup	Transaction Numbering Audit Log
section_N253697	account-setup	Setting Up States, Provinces, and Counties
section_N253846	account-setup	Supported Countries
section_N253916	account-setup	Setting Printing and Fax Preferences
section_N258211	account-setup	Setting Up Duplicate Detection
section_N258424	account-setup	Activating System Alert Reminders
section_N258657	account-setup	Administrative Notification Setup
section_N259503	account-setup	SuiteCloud Plus Settings
section_N259878	account-setup	Setting Up Transactions for NetSuite CRM+
section_N261260	account-setup	The Setup Page for NetSuite CRM+ Users
section_N261486	account-setup	Classifications Overview
section_N261602	account-setup	Departments and Classes Overview
section_N261769	account-setup	Creating Classes
section_N262059	account-setup	Restricting Access to Records by Class
section_N262248	account-setup	Creating Departments
section_N262535	account-setup	Restricting Access to Records by Department
section_N262723	account-setup	Converting Classes to Departments
section_N262871	account-setup	Converting Classes to Locations
section_N263024	account-setup	Locations Overview
section_N263263	account-setup	Creating Locations
section_N265253	account-setup	Making a Location Inactive
section_N265426	account-setup	Associating a Transaction with a Location
section_N265573	account-setup	Searching for a Transaction by Location
section_N265799	account-setup	Restricting Access to Records by Location
section_N265988	account-setup	Using Per-Line Classifications
section_N266299	account-setup	Customizing Forms for Per-Line and Header Classifications
section_N285060	account-setup	NetSuite Access Overview
section_N285436	account-setup	NetSuite Roles Overview
section_N285937	account-setup	Customizing or Creating NetSuite Roles
section_N289485	account-setup	Changing Custom Roles
section_N289968	account-setup	Inactivating Roles
section_N290202	account-setup	Setting Default Forms for Roles
section_N291349	account-setup	Restricting Accounts for Roles
section_N291685	account-setup	Customizing the Customer Center Role
section_N291985	account-setup	Retail Clerk Roles
section_N292157	account-setup	Showing Role Permission Differences
section_N292328	account-setup	Use Searches to Audit Roles
section_N292753	account-setup	Setting Role-Based Preferences
section_N292998	account-setup	Translating Custom Role Names
section_N293188	account-setup	Mass Updating a Permission on Custom Roles
section_N295125	account-setup	Mass Updating the Role Assigned to Customers
section_N295396	account-setup	Standard Roles Permissions Table
section_N321756	account-setup	NetSuite Users Overview
section_N322041	account-setup	Employee Users
section_N322273	account-setup	Vendor Users
section_N322424	account-setup	Partner Users
section_N322570	account-setup	Customer Users
section_N322750	account-setup	Giving Customers Access
section_N323774	account-setup	Changing a User's NetSuite Password
section_N324056	account-setup	Viewing Your NetSuite Users List
section_N324233	account-setup	Login Audit Trail Overview
section_N324888	account-setup	Restricting an Individual User View
section_N325094	account-setup	NetSuite Permissions Overview
section_N326209	account-setup	Reviewing Permissions Assigned to Roles
section_N326341	account-setup	Access Levels for Permissions
section_N326485	account-setup	Permissions Documentation
section_N326630	account-setup	Using the Global Permissions Feature
section_N326821	account-setup	Giving Access to the Transactions Subtab on Entity Records
section_N327139	account-setup	Giving Access to Financial Statements
section_N327307	account-setup	Setting Permissions for Custom Records
section_N337869	account-setup	Accessing NetSuite 360
section_N338607	account-setup	Reviewing the Status of Support Cases
section_N511129	account-setup	Using Telephony Integration
section_N511317	account-setup	Setting Up TAPI Telephony Integration
section_N511458	account-setup	Setting Up CTI Telephony Integration
subsect_0404032958	account-setup	Auto-Generated Numbering Settings
subsect_0616010120	account-setup	Performance and Scalability FAQs
subsect_0616010738	account-setup	Service Tier Upgrade FAQs
subsect_1210040202	account-setup	Interpreting Service Tier Dashboard Details
subsect_1532524356	account-setup	Use CSV Import to Provide Access to Multiple Customers
subsect_1536683902	account-setup	Provide Access to Individual Customers
subsect_1536685754	account-setup	Enable the Customer Access Feature
subsect_1536686406	account-setup	Set the Customer Center Sales Order Form
subsect_1542138282	account-setup	Differences Between Core Administration Permissions and Administrator Role
subsect_1542138381	account-setup	Administrator - No HR/Employee Access SuiteApp
subsect_1546621769	account-setup	NetSuite Service Tiers Frequently Asked Questions
subsect_1552068325	account-setup	Customizing or Creating a Role with Core Administration Permissions
subsect_1554820855	account-setup	Using SDF and Copy to Account to Copy Customized Roles
subsect_156710067632	account-setup	View Company URLs for Services in This NetSuite Account
subsect_156710108009	account-setup	Enter Basic Company Information
subsect_156710111536	account-setup	Enter Company Address Information
subsect_159162378384	account-setup	NetSuite Service Tier Structure
subsect_159162895040	account-setup	Service Tier Upgrade Process Overview
subsect_160811582777	account-setup	Invoice Advanced Numbering Rules Example
subsect_160811584255	account-setup	Vendor Bill Advanced Numbering Rule Example
subsect_163050384316	account-setup	Transaction Types Not Included in Monthly Transaction Lines Metric
subsect_163475655078	account-setup	Translation Management Using Translation Collections
subsect_163594339857	account-setup	Transaction Printing Preferences
subsect_163594345448	account-setup	Advanced PDF/HTML Printing Preferences
subsect_163594347608	account-setup	Check Printing Preferences
subsect_163594349800	account-setup	PDF Printing Preferences
subsect_163594353950	account-setup	Message Printing Preferences
subsect_88081726339	account-setup	Determining How Many SuiteCloud Plus Licenses You Need
subsect_97130325331	account-setup	NetSuite Service Tier Dashboard FAQs
article_0308125952	multi-book-accounting	Revaluation of Invoice with Open Payment and Historical Transaction Processing
book_3831565332	multi-book-accounting	Multi-Book Accounting
chapter_1546505267	multi-book-accounting	Adjustment-Only Books Overview
chapter_3831567542	multi-book-accounting	Multi-Book Accounting Overview
chapter_3831569045	multi-book-accounting	Using Multi-Book Accounting
section_1493309610	multi-book-accounting	Advanced Intercompany Journal Entries in Multi-Book Accounting
section_3831664657	multi-book-accounting	Planning for Multi-Book Accounting
section_3851620232	multi-book-accounting	Chart of Accounts Mapping
section_3851620590	multi-book-accounting	Foreign Currency Management
section_3851620883	multi-book-accounting	Revenue and Expense Management
section_3851653422	multi-book-accounting	Reports, KPIs, and Saved Searches in Multi-Book Accounting
section_3855054652	multi-book-accounting	Item Account Mapping
section_3855055309	multi-book-accounting	Global Account Mapping
section_3855057144	multi-book-accounting	Mapping Dimensions
section_3860182358	multi-book-accounting	Mapping Restrictions
section_3862676046	multi-book-accounting	Book-Generic and Book-Specific Records
section_3862795782	multi-book-accounting	Journal Entries in Multi-Book Accounting
section_3862800603	multi-book-accounting	Allocation Schedules in Multi-Book Accounting
section_3867050970	multi-book-accounting	Intercompany Journal Entries in Multi-Book Accounting
section_3867227250	multi-book-accounting	Roles and Data Access for Multi-Book Accounting
section_3868068245	multi-book-accounting	Adding a New Subsidiary to an Active Book
section_3868700684	multi-book-accounting	Intercompany Transaction Management
section_3868884504	multi-book-accounting	Bank Transfers in Multi-Book Accounting
section_3868892998	multi-book-accounting	Base Currency Only Transactions
section_3868915326	multi-book-accounting	Inventory Costing Transactions
section_3871456092	multi-book-accounting	Revenue Allocation in Multi-Book Accounting
section_3871456967	multi-book-accounting	Revenue Commitments in Multi-Book Accounting
section_3871457556	multi-book-accounting	Revenue Recognition Schedules in Multi-Book Accounting
section_3871458111	multi-book-accounting	Expense Amortization Schedules in Multi-Book Accounting
section_3908504015	multi-book-accounting	Foreign Currency Revaluation in Multi-Book Accounting
section_3910391816	multi-book-accounting	Revenue Recognition and Expense Amortization with Chart of Accounts Mapping
section_3914690322	multi-book-accounting	Update Amortization
section_4308385929	multi-book-accounting	Accounting Book Period Close Management
section_4311063596	multi-book-accounting	Enabling the Accounting Book Period Close Feature
section_4317009345	multi-book-accounting	Closing Tasks and Their Dependencies
section_4334084139	multi-book-accounting	Transaction Edits in Closed, Locked Accounting Periods
section_4842473026	multi-book-accounting	Enabling Multi-Book Accounting Features
section_4842473248	multi-book-accounting	Accounting Book Status
section_4842479230	multi-book-accounting	Adding Accounting Books
